{"loss": [0.8221766352653503, 0.19761556386947632, 0.1078920066356659, 0.07364313304424286, 0.055853042751550674, 0.04712659865617752, 0.040166813880205154, 0.03560018911957741, 0.031414978206157684, 0.030331486836075783], "accuracy": [0.753264844417572, 0.9373488426208496, 0.9655589461326599, 0.9766551852226257, 0.9828292727470398, 0.9855890870094299, 0.9874384999275208, 0.9890673160552979, 0.9904046058654785, 0.9907246828079224], "val_loss": [0.30919769406318665, 0.15382826328277588, 0.13045108318328857, 0.16720791161060333, 0.09135867655277252, 0.11370629072189331, 0.12313549965620041, 0.19456596672534943, 0.08814564347267151, 0.12390346825122833], "val_accuracy": [0.9001252055168152, 0.9525381326675415, 0.959537923336029, 0.956407904624939, 0.9719439744949341, 0.9715456366539001, 0.96687912940979, 0.9506032466888428, 0.9788299798965454, 0.9687002301216125]}